{
  "minimal": {
    "total_score": 0.93,
    "context_coverage": 1.0,
    "prompt_tokens": 20,
    "individual_scores": [
      0.9999999999999999,
      1.0,
      0.9999999999999999,
      1.0,
      1.0,
      1.0,
      0.8,
      1.0,
      0.7,
      0.8
    ],
    "response_times": [
      10.634122848510742,
      10.022724151611328,
      11.506963968276978,
      12.752928972244263,
      21.653496026992798,
      7.382049083709717,
      8.40270471572876,
      18.371686935424805,
      17.793928146362305,
      17.578830242156982
    ]
  },
  "compact": {
    "total_score": 0.96,
    "context_coverage": 1.0,
    "prompt_tokens": 28,
    "individual_scores": [
      0.7999999999999999,
      1.0,
      0.9999999999999999,
      1.0,
      1.0,
      1.0,
      0.8,
      1.0,
      1.0,
      1.0
    ],
    "response_times": [
      7.011883735656738,
      8.179624080657959,
      16.584921836853027,
      19.682987928390503,
      39.242465019226074,
      7.225156784057617,
      19.122013092041016,
      21.773326873779297,
      24.407824754714966,
      9.914705038070679
    ]
  },
  "default": {
    "total_score": 0.9800000000000001,
    "context_coverage": 1.0,
    "prompt_tokens": 126,
    "individual_scores": [
      0.9999999999999999,
      1.0,
      0.9999999999999999,
      1.0,
      1.0,
      1.0,
      0.8,
      1.0,
      1.0,
      1.0
    ],
    "response_times": [
      10.163573980331421,
      15.658815145492554,
      9.517724752426147,
      19.001154899597168,
      21.018961906433105,
      10.163511037826538,
      7.6985390186309814,
      19.641871213912964,
      21.728296995162964,
      11.051194190979004
    ]
  },
  "structured": {
    "total_score": 0.9800000000000001,
    "context_coverage": 1.0,
    "prompt_tokens": 53,
    "individual_scores": [
      0.9999999999999999,
      1.0,
      0.9999999999999999,
      1.0,
      1.0,
      1.0,
      0.8,
      1.0,
      1.0,
      1.0
    ],
    "response_times": [
      7.380064010620117,
      8.68527102470398,
      11.647110939025879,
      14.924208879470825,
      39.78327393531799,
      6.688530921936035,
      10.148553848266602,
      12.47483491897583,
      13.567917823791504,
      9.874409914016724
    ]
  },
  "detailed": {
    "total_score": 0.9099999999999999,
    "context_coverage": 0.9285714285714286,
    "prompt_tokens": 219,
    "individual_scores": [
      0.9999999999999999,
      1.0,
      0.9999999999999999,
      0.7,
      1.0,
      1.0,
      1.0,
      1.0,
      0.4,
      1.0
    ],
    "response_times": [
      11.124743938446045,
      12.740832090377808,
      12.544126749038696,
      18.38144612312317,
      30.210216283798218,
      11.181986093521118,
      8.703721046447754,
      26.24948024749756,
      22.09506583213806,
      14.853583097457886
    ]
  }
}